,linking_rate,synonyms_rate,emb_axis_9,emb_axis_11,emb_axis_13,emb_axis_14,emb_axis_15,emb_axis_22,emb_axis_24,emb_axis_29,emb_axis_39,emb_axis_41,emb_axis_54,emb_axis_55,emb_axis_65,emb_axis_70,emb_axis_87,emb_axis_88,emb_axis_94
100178,0.2142857142857142,0.0,0.26307595,0.18257914,-0.18459517,-0.5228392,0.6503345,-0.12423935,0.49102604,0.29042134,-0.48267055,-0.1760455,-0.1668701,-0.45927405,-0.6643463,-0.15157776,0.89466244,0.53694355,0.5421393
100367,0.3,0.0,-1.7254734,-0.015796965,-0.07443871,-0.7685349,0.60065216,1.5227257,0.25487155,-0.35417682,-1.1148278,0.42515662,0.2754228,0.19041508,0.29569325,-0.5676908,0.060760908,0.14754231,-0.02617176
100961,0.2857142857142857,0.0,-0.99895436,0.13210216,0.0005120968,-0.64089316,0.21105947,0.6404584,-0.3206582,0.1918783,-0.35955852,-0.38805348,0.40824896,0.8749852,0.15911794,-0.38662764,0.54572904,0.545145,-0.66569304
101708,0.2727272727272727,0.0008680555555555,-1.3244902,-0.19293082,-0.12994286,-0.60073096,0.43574727,0.07886503,-0.10276555,0.19379222,-1.2891845,-0.4729344,-0.007588441,0.19637267,-0.08880101,-0.06215849,0.0652519,1.5461836,-0.11834966
101851,0.1904761904761904,0.0012311480455524,0.48661485,-0.042521264,0.12209015,-0.24207266,0.25262415,0.16587225,-0.022656487,-0.07045478,-0.3568356,-0.121767245,-0.33816,0.21139607,0.0423496,-0.112484224,0.516331,0.58276415,0.064902924
102184,0.1578947368421052,0.0008,-0.29953796,0.18391298,-0.11199606,-0.6084719,-0.31673202,-0.2074077,-0.31144074,-0.23544551,-0.67350334,-0.48323584,0.8976889,-0.45782396,-0.7209896,0.22894533,-0.3592294,1.5385326,0.1912837
105553,0.1538461538461538,0.0,-1.8807136,-0.71461874,-0.2098207,0.8062436,0.7150395,0.6045179,-0.52127635,0.36258018,-0.37571013,-0.565322,0.33574206,-0.9264996,0.78448707,-1.4018114,0.05493108,1.5424162,0.27844787
105906,0.375,0.0010330578512396,-0.5461817,-0.3715643,-0.5685073,-0.53667986,0.3512121,0.5819336,0.20446235,-0.61261505,-1.691405,-0.43366358,1.10132,-1.0249195,-0.19534113,-0.57045597,1.1868304,1.5498713,0.45205075
106077,0.25,0.003858024691358,-0.7887482,-0.30404052,-0.3034816,-0.3129437,0.629883,0.18826698,-0.85440385,-0.76988035,-0.9887457,-0.022115696,0.87041074,-0.3647509,-0.12102384,-0.2743217,0.6871651,-0.003203392,0.57427514
107182,0.2222222222222222,0.0,0.25422052,-0.20990908,-0.4937225,-0.05849516,0.18696642,0.5798398,0.046069354,0.33537313,-0.99236155,-0.51860154,-0.1770374,-0.97975016,-0.09507645,-0.8457447,0.5359108,0.31571972,-0.36037642
107551,0.1578947368421052,0.0009918666931164,-0.65768224,-0.7127977,-0.115139775,-0.35930943,-0.171575,0.37056538,0.109635495,-0.9454466,-0.46882746,-0.26943323,0.45884413,-0.068002656,-0.52007324,-0.14097087,0.48933044,0.7956105,-0.7346648
108146,0.3333333333333333,0.0,-0.31581625,-1.2143502,0.83776015,-0.3337236,0.6774033,0.70733,-0.007834425,-0.63764745,0.1807111,-0.27365378,0.24922301,0.78894037,-0.74590665,-0.72185767,-0.209871,0.041003577,-0.25158122
110565,0.2222222222222222,0.0016326530612244,-0.59644467,-0.76140773,-0.16534361,-0.7465571,-0.18754572,0.68179065,-0.45163217,0.21437967,-0.42985862,0.16104947,0.29842937,-0.5118214,-0.22223309,-0.6483858,0.7972601,0.23994993,-0.34384897
110690,0.2142857142857142,0.0023795359904818,0.16529128,-0.19605544,0.12865953,-0.38830042,0.34240988,0.5623682,0.6823486,0.25033876,-0.6416459,0.209045,0.59178776,1.0217594,-0.22965689,0.27541542,-0.15481706,0.21221092,0.62972724
110824,0.0909090909090909,0.0,-1.0112208,0.068526745,0.0551402,-0.8915066,-0.30466822,-0.19976497,-0.082082,0.35042623,-0.43822116,0.18743224,0.17948177,1.1499046,-0.97412723,-0.9527492,0.5098788,0.7817611,0.09692596
110983,0.4285714285714285,0.0,-0.36599678,-0.75655663,-0.08697329,-0.6897494,-0.3959391,0.98407847,0.10198242,-0.012145421,-1.0860914,-0.7971306,0.08094026,0.9503639,0.18088643,0.0732064,0.8662072,0.042194195,-0.47334653
111363,0.4285714285714285,0.0018365472910927,-0.2222418,-0.29306692,-0.017067866,-0.63858926,-0.23492911,-0.3430028,0.1351804,0.8177564,-1.1886653,0.019875694,0.62394613,-0.50494957,0.11998771,0.2746515,-0.11745916,1.0178984,-0.18024775
111734,0.25,0.0,-0.5252314,-0.1422675,-0.309463,0.07523348,-0.17091393,0.15982111,-0.7936976,-0.39669895,-0.39460367,0.21797623,0.5575747,0.58725315,-0.5486288,0.39868844,0.6052275,0.52634424,0.16866058
112223,0.5,0.005,-1.4899887,-0.61127126,-1.0811471,0.7940764,-1.1595807,0.69609576,0.5037911,-0.13518468,-0.23530473,0.9705703,0.92588323,0.23999032,-0.57374835,-0.54957926,0.9913621,1.0876887,-0.99429065
112509,0.4,0.0,0.46340898,0.009753998,0.71952325,-1.8265548,-0.21565996,0.7159896,-0.07869013,0.45199,0.48973396,-0.49055868,0.026376287,0.091853224,0.089200154,-0.19194865,-0.34965977,0.30379638,0.5891151
112903,0.1428571428571428,0.0,-0.4750145,-0.013050049,-0.07847724,0.07694823,-0.589388,0.41816062,-0.34331596,-0.02781313,0.115659945,0.2532563,0.5305275,-0.6726192,0.29385132,0.43785763,0.15268305,0.61788577,-0.15940443
114419,0.4285714285714285,0.0,-0.70353323,-0.16926366,-0.006559671,-0.31320226,-0.0655765,-0.24795684,-0.1449255,-0.43868855,-0.21902627,-0.40255064,0.962398,0.14457613,-0.64017695,0.57386273,-0.23806466,1.0532885,-0.7945474
116202,0.1818181818181818,0.0,-0.10087356,-0.921897,-1.1543826,-0.039979067,-0.34229255,-0.13857445,-0.085438006,-1.1379626,-1.0178574,-0.39738676,0.9851285,0.2593766,-0.28281975,0.05533561,0.88913476,1.5907203,0.9219007
116213,0.1818181818181818,0.0,-0.26577064,-0.26755285,-0.287657,-1.3624086,0.16346721,-0.5419007,0.35915515,-0.90885645,-0.5944034,-0.14862308,1.0899285,-0.38579187,-0.38741562,-0.27481586,-0.42897084,0.39330336,0.21073589
116219,0.5,0.0008,-0.5905731,-0.79490566,0.11109442,0.1778502,-0.4786191,-0.268357,0.3490874,-0.7264942,-1.1381912,-1.2300885,1.0177671,-0.76566154,0.025414832,-0.8654577,1.1747357,1.7126864,-0.051685847
116221,0.5,0.0,-0.7646173,-0.62733877,0.11928832,-1.3122802,-0.07299324,0.09144295,-0.064806536,-0.21967253,-0.55007833,-0.07180949,0.7178766,0.24923764,-0.03412361,0.09571163,0.5449037,1.2270247,0.47832954
118573,0.25,0.0,0.14629336,-0.03496435,0.4651369,-0.16603668,-0.6906511,0.7047291,-0.1333695,-0.10439711,0.104615554,0.4315178,1.0975751,-0.17638421,-0.5067797,-0.25624856,0.12538682,0.2754434,-0.35424495
121358,0.1363636363636363,0.0,-0.6473332,-0.8536959,0.28841636,0.16444133,-0.29627824,0.35108176,0.0045418725,-0.19143562,-0.44383872,0.49327457,-0.73390526,0.08464664,-0.5449956,0.39068657,0.7455296,0.7500956,-0.021771261
121427,0.6666666666666666,0.0015432098765432,0.22552195,0.24070047,0.7255303,-0.39521787,-0.9911699,0.59978306,-0.030774796,0.037615977,-1.3630346,-0.95802563,0.32066756,-0.4465439,-0.6592004,-0.32577765,0.7992192,0.7152088,-1.4943959
122439,0.25,0.0,0.008299847,-0.28522232,0.09678826,-0.74366915,0.5211383,0.6419381,0.056759957,0.050828084,-1.2513257,-0.23617981,0.5280591,-0.30932546,0.11088868,0.38633692,0.9296884,0.8327775,-0.74004835
123986,0.1428571428571428,0.0,-0.5684894,-0.2705811,-0.6591926,-0.09338853,0.055204343,-0.7084712,-1.2410486,-0.3143009,-1.7033161,-0.26749316,0.33837315,-0.21101528,-0.06727698,-0.21407479,0.0033535005,-0.26138976,0.046601918
125708,0.1111111111111111,0.0,-0.9474378,-0.1116473,-0.82863873,0.13685286,-0.286723,-0.13345593,-0.768442,-0.40330324,-0.5250741,-0.6469254,-0.38849506,0.1974487,0.63079435,-1.3777292,0.9260157,0.060867906,0.6197446
125730,0.1666666666666666,0.0007689350249903,-0.29532173,-0.54452676,0.14585842,-0.34189686,0.1463144,0.33044142,0.16240698,0.4457698,-0.8015167,0.7288877,0.4666753,-0.07657463,-0.19060504,-0.04882842,0.60508513,0.45910212,0.008867832
131871,0.4285714285714285,0.0,-0.23538324,-0.43679544,0.2025734,0.30587155,-0.19887312,-0.34325367,-0.6344523,-0.46619773,0.030525342,-0.50783867,-0.22713782,-0.03518389,-0.79955333,-0.49901485,0.5448732,0.437449,1.0573454
131936,0.2857142857142857,0.0022222222222222,-1.6847132,0.8465376,0.0009386073,-0.6834545,0.51858956,0.72576827,-0.79179525,0.1317293,-0.90236986,1.03833,0.3682332,0.07167971,-0.38184547,-0.98589593,0.60064155,0.52834785,0.29427114
133201,0.2222222222222222,0.0,-0.5463696,-0.7772425,-0.35617968,-0.37104267,-0.03361703,0.30077377,0.47582427,0.08874107,-0.44667065,0.29765207,0.39080316,0.41746667,-0.84706855,-0.58587027,0.1839472,0.5014307,0.37161222
134298,0.1176470588235294,0.0006925207756232,-0.7383749,-0.05868304,0.6592849,-0.11963208,-0.93344635,0.77902997,-0.22346912,0.5043335,-0.023832388,0.14145611,0.12127753,-0.022154313,-0.20744653,-0.2348784,1.0828652,0.06279182,-0.13287675
136416,0.0952380952380952,0.0,-0.6712045,0.034899574,-0.58919734,-0.44623417,0.38317958,-0.37400514,-0.3926565,-0.06088234,-0.44243377,0.5948713,0.34782586,0.17189625,0.17888516,0.32427225,0.27945662,0.12358508,0.21965505
136647,0.1666666666666666,0.0,-1.2575774,-0.6894004,-0.11425518,-0.71526885,-0.2851875,0.1784603,-1.3806322,-0.27226073,-0.988955,-0.9429066,0.377209,-0.55766314,0.32101,-0.7671959,0.09634651,0.46682814,1.334112
139006,0.1142857142857142,0.0004616805170821,0.07718331,-0.16637692,-0.027918376,-0.09212374,-0.0032504788,-0.054288097,-0.23063093,-0.18232921,-0.12368477,-0.20810653,0.31669223,0.042894047,-0.0062357686,0.54012483,0.40174878,0.36732832,-0.007466605
15138,0.1111111111111111,0.0045351473922902,0.13266538,-0.8164188,0.50121665,-0.22559042,-0.6913705,-0.044309817,-0.85662144,0.50744104,-0.67612416,-0.59881055,-0.5261126,0.4715288,0.14951356,-0.44331357,-0.18476759,-0.7146383,1.1506689
167521,0.2727272727272727,0.0,-0.8235915,0.1846049,-0.311164,-0.20208652,-0.009759272,-0.24645302,-0.7717159,-0.10886465,-0.5116991,0.2029236,-0.43676546,-0.3912164,-0.091174796,-0.18351848,0.9302112,0.53826064,0.22451125
172048,0.1538461538461538,0.0,-0.7133398,0.39041576,-0.077172495,-0.14265727,-0.42561415,0.4234424,0.4881733,-0.15531304,-0.7011784,0.32263893,0.5554371,0.15852968,-0.35771784,-0.529836,0.49909052,0.9732926,1.6905715
188122,0.25,0.0018365472910927,-0.40454465,-0.94831556,0.30090505,-0.091558434,0.19456811,0.73086095,-1.1100403,-0.5155815,-0.92708665,-0.30987948,0.045131452,0.38977924,-0.38122684,-0.05958267,0.9373195,0.37581098,0.20730834
188343,0.2307692307692307,0.0,-0.8370222,-0.753813,0.17393585,-0.7498504,-0.5600424,-0.8335746,-0.06519493,-0.16206641,-0.77970076,-0.07102574,0.3046457,-0.61393607,-0.08140536,-0.21925716,0.3792463,0.33503482,-0.4899757
189966,0.1176470588235294,0.0,-0.59090674,0.20971273,0.28607646,0.2571769,-0.24920233,0.055910297,-0.482155,-0.6805842,-0.79117036,-0.11368812,-0.34975705,0.03477082,-0.46470425,0.087842144,0.53246605,0.09103595,0.17073625
190726,0.1578947368421052,0.0032873109796186,-0.8933241,-0.99664474,-0.40220273,0.48943868,-0.26237732,0.73291075,-0.43674737,-0.31852227,-1.230773,-0.8166223,0.3542181,0.02118851,-0.69884324,-0.18577176,0.4450764,0.60397243,-0.33192423
190740,0.2307692307692307,0.0025826446280991,-0.027462607,-0.18517704,-0.08889163,-0.72369176,0.08761996,0.50755596,-0.3937822,0.265135,-0.3292327,-0.27412423,-0.26286516,-0.28444344,-0.30699933,0.27503344,1.3141626,0.7925742,0.008560977
191616,0.0833333333333333,0.0002082465639316,0.20932835,-0.5181896,0.042460706,-0.43693617,0.19340192,0.18302107,-0.24296373,-0.26242954,-0.0011816798,-0.052008405,0.9000257,-0.43216413,-0.21608788,-0.023960385,0.16546135,-0.07277811,0.3310044
191941,0.1428571428571428,0.0,0.19085535,-0.31677416,-0.10668065,0.17333364,-1.0816075,0.27565584,-0.35341167,0.56940484,-0.59155077,-0.47424462,-0.20729968,0.4626375,0.5560385,0.18561915,0.4038522,0.2627897,0.3389654
192978,0.1538461538461538,0.0009467455621301,-0.7163727,0.4761395,-0.2879754,-0.0969384,0.2676848,0.1476264,-0.7612324,-0.5456203,-0.16017754,0.37077633,-0.026079068,-0.6388771,0.80761063,0.012758351,0.83439046,0.5634271,0.5420664
197778,0.1666666666666666,0.0008329862557267,0.68454564,-0.4249879,-0.01985,-0.4457815,-0.55497396,-0.50543875,-0.108889796,-0.20457895,-0.7739506,0.39541665,0.4233054,-0.550278,-0.26580748,-0.15518112,0.74264646,0.7909556,0.43847984
19850,0.2,0.0040816326530612,-0.8511017,-0.9180129,-0.37813085,-1.4179392,0.13819586,0.438561,-0.0703818,-0.6345324,-0.90250295,-0.15716028,0.68191713,-0.11230455,0.25140873,-0.18102384,0.658989,1.0411861,0.22244017
201005,0.2727272727272727,0.0,0.5013115,-0.4215,0.9568572,0.6166821,0.060392752,0.34541747,0.18363136,0.3264498,-1.2268058,-0.103900224,-0.9679459,-1.0471954,-0.041243397,-0.20821962,0.6334966,1.191144,0.112491176
202810,0.25,0.0,0.016757725,-0.5174372,-0.00231923,-0.025862245,-0.43926382,-0.040044773,0.1327542,-1.2034911,-0.7007675,-0.104474954,0.8608274,-0.5914776,-0.6071445,-0.58486354,0.39173704,0.24845181,0.12401568
202826,0.1538461538461538,0.0,0.10618278,0.46460316,0.4153801,-0.4889729,0.28185996,0.069299296,0.020852476,0.31451476,-0.8495409,0.14156169,0.17859218,0.5414965,0.44139865,0.31250232,0.29641563,1.0914773,0.7047784
204378,0.3,0.0,-0.8657594,-0.930352,0.7830095,-0.081649825,-0.5648174,-0.34108856,-0.08724479,0.5319304,-1.1044476,0.58859825,0.844942,-0.52175343,-0.6147194,-0.37968832,0.23951209,0.35598725,-0.43671063
207118,0.375,0.0043827611395178,0.694051,-0.9114746,0.43265727,-0.16139829,0.31283972,-0.12832405,-0.5088779,0.43236858,-1.2558161,-1.1111312,1.5074208,-0.96447414,0.132573,0.10981429,-0.3797127,0.21176143,-0.37887964
207867,0.2857142857142857,0.0,0.115368836,-0.42503792,-0.32083797,0.34309742,-1.0211333,-0.24794275,-0.31891173,-0.39616036,-0.3814374,-0.16412072,0.5484735,0.13302879,-0.15377969,-0.4953673,-0.9247515,-0.2592845,-0.84346163
209354,0.25,0.0015432098765432,0.6059076,0.25881582,-0.03288239,-0.675365,0.025967153,-0.3075844,0.14767551,-1.0051023,-1.0911671,-1.2057623,0.3059186,-0.31555095,0.3482814,-0.37971315,0.38126278,-0.47974372,0.26895297
209758,0.125,0.0013850415512465,-0.26314035,-0.70469475,-0.16022247,-0.43090653,-0.35213467,0.35545346,-0.16927212,0.3604159,-0.48209336,-0.025461633,0.75268525,0.47854698,0.16930954,-0.26429138,0.6339394,0.59140444,-0.054198
210098,0.1818181818181818,0.0,-0.4118242,0.6226954,-0.6169917,0.06076885,0.337046,0.3086828,-0.31481138,-0.083800495,-0.58908004,-0.30670655,-0.17785873,1.0431635,0.51956415,-0.5547831,0.2659441,0.66716945,0.8957191
210555,0.0909090909090909,0.0,-0.24359515,-0.05450032,-0.75252414,0.28678405,-0.46895644,-0.25593323,-0.60436565,-0.98701084,-0.8633599,-0.038480517,-0.02940599,0.628967,-0.37375373,-0.08647626,1.40588,0.255806,0.6744643
21285,0.1538461538461538,0.0013850415512465,0.060682256,-0.715536,-0.898397,0.38959756,0.24475406,-0.057244096,0.5257564,-0.21515028,-1.8078946,0.5090408,0.009010201,-0.49379832,-0.04988452,-0.46456128,-0.005819172,0.052425392,0.3288064
213619,0.1333333333333333,0.0077777777777777,-0.95228446,0.57292444,0.46344724,-0.30325094,-1.1745209,0.65470994,-0.17166442,-0.40147737,0.20526363,-0.10815723,0.5435424,0.63240236,-0.40195012,-0.8182915,0.1964832,1.1008954,0.057662535
21844,0.3333333333333333,0.0,-0.5865575,-0.019601101,-0.049982335,0.6585632,0.34833893,0.46892613,-0.42087603,0.26205242,-1.4953756,-0.4566018,0.36497727,1.3045874,0.3004064,-1.3580384,-0.14568996,-0.08718676,0.67219126
218708,0.0476190476190476,0.0,-0.669846,-0.17134883,0.2945851,-0.90318155,-0.21656908,0.28020144,0.02656448,-0.829176,-0.54125124,0.7187237,1.2967228,1.0100721,-0.08448205,-0.48878676,0.6135891,1.567111,-0.5106424
219605,0.2,0.0021545090797168,-0.8916037,-0.16281095,0.032661837,-0.0697289,-0.38823992,0.38553473,-0.11693954,0.016586691,-0.62635773,-0.6626695,0.24662992,1.0275228,-0.42765522,-0.8418326,0.111911386,0.9601485,0.36844328
221104,0.1333333333333333,0.0015432098765432,0.005979178,-0.6820159,-1.2098976,0.28372288,0.18326156,-0.87159383,0.2825658,-0.55956113,-0.51392037,0.60561234,0.86640334,0.27135366,0.4312648,-0.35339895,0.68772054,-0.3333063,1.4469645
221740,0.2,0.0,-0.43415928,-0.23379065,-1.2083036,-0.45597586,0.07088243,-0.84266806,0.1982614,-0.26295903,-0.29006776,-0.11389408,1.7895617,0.0917026,-0.46762967,-0.4903683,0.07215319,0.6349137,1.1162727
222247,0.1363636363636363,0.0009130752373995,0.37086618,0.26935646,0.36669442,-0.3110297,0.45448938,1.0352036,0.4243119,0.3362356,0.047212742,-0.7247678,0.85850996,-0.45802167,0.13585204,0.22107658,0.50886446,0.9443782,-0.25211278
223338,0.4285714285714285,0.0,-0.21328622,-1.3355861,0.5247216,0.5069659,0.37478286,0.19526753,-0.9028736,0.922119,-0.44945157,0.58075166,-0.30612794,-0.21671985,-0.4485794,-0.3303014,-0.54997563,0.54919195,1.3585678
223926,0.1428571428571428,0.0,0.5875932,-0.47346804,0.0911611,0.41253608,0.2501491,-0.21015443,-0.2469511,-0.49074745,-0.39225262,-0.24164961,0.6235947,0.6024907,0.087636195,-0.05285211,0.44533208,0.268504,0.49090698
224498,0.125,0.0,-0.030224098,-0.42645377,0.014642858,0.3016302,-0.113355435,0.55257213,0.28981447,-0.23974063,-0.43531466,0.22371978,0.2807771,-0.0769209,0.1345068,-0.32845646,1.4143763,0.5858743,0.100872576
225768,0.375,0.0017835909631391,-0.117099166,-0.242888,-0.10088193,0.08718771,-0.7804455,0.25720385,0.050764576,-1.1160839,-1.0565516,0.004394353,0.9986227,-0.047474477,0.24965304,-0.7630067,0.034227587,1.1022483,0.15986164
227416,0.2,0.0006611570247933,-0.019658137,-0.64103204,-0.093942456,-0.29889745,-1.1991369,1.0286056,-0.43556422,-0.15836275,-0.7929704,0.602205,0.34512842,0.25641295,-0.5311318,-0.39412162,0.29728675,0.12227481,0.43515828
227556,0.2857142857142857,0.0051020408163265,-0.6115199,-0.28050697,-0.23481481,-0.85811794,0.24839123,-0.45767307,-0.12243654,0.8773485,-0.6383624,0.582443,-0.14144044,-0.6282264,-0.1602025,0.049773246,0.09911838,0.8683153,1.3573145
22821,0.5,0.0,-0.98137885,-1.1871784,-0.24804465,0.08913222,0.3925328,0.46616012,-0.59459156,-0.37159708,-0.9067074,-0.6117842,0.5529848,-0.75040424,-0.16662051,-0.9537757,-0.5149831,-0.046773437,1.1550711
228561,0.1818181818181818,0.0023629489603024,-0.14392759,-0.5107183,0.27533355,0.06599358,-0.99255395,-0.5159968,-0.5744365,0.06807935,0.17217098,0.45506153,-0.1417263,0.57939565,-0.13082366,0.62539583,0.49650875,0.45504048,0.17229365
229090,0.2352941176470588,0.0,0.15154222,0.25260165,0.56594014,-0.11169321,-0.44784173,-0.0745534,0.37951463,-0.4739169,-0.75063956,-0.32373103,0.02582987,0.17514428,-0.78075653,0.16657464,0.64830697,0.80864364,0.13897821
229903,0.3333333333333333,0.0037807183364839,0.34975776,-1.1624664,0.3426324,0.34593624,-0.02046127,-0.310255,0.27713224,-0.21136522,-1.1659174,0.6152007,1.1255244,0.1409684,0.20684913,-0.009185614,0.70906514,0.92601085,0.35431954
231453,0.375,0.0,0.7386904,-0.53702784,-0.14788966,-0.8996988,0.81943345,1.253337,0.8987916,0.5964881,-0.087119594,0.1826494,0.1407385,-0.058104724,-0.15643279,-0.3696245,0.9799984,1.8546616,0.3373022
234053,0.375,0.0,-1.2944527,-0.4664647,-0.5328877,-0.31460357,0.068040036,1.1005434,-0.552015,-1.4681456,-1.0747864,0.21992148,0.10501191,0.032568164,-0.8181427,-0.2612274,0.21189417,0.8903988,-0.0978064
234587,0.1666666666666666,0.0017799928800284,-0.594187,-0.42374277,-0.26736638,-0.48293677,-0.5263786,-0.023637991,0.24214467,0.4182967,-0.097767286,-0.62088907,-0.2861245,-0.67048824,-0.07243011,-0.23756859,1.1546491,0.28910294,-0.56492156
234641,0.1,0.0010813148788927,0.06933808,-0.16280508,0.1186369,-0.55333334,-0.21806914,0.49293777,0.7539447,-0.47406015,-0.6577385,-0.06449373,1.5714029,0.15504007,0.30019116,-0.8302895,0.7698764,1.157736,0.2715051
236021,0.1333333333333333,0.0,-0.31889772,-0.08788804,0.105619654,-0.31977603,-0.21966228,0.99843025,-0.2863375,-0.34437945,-0.9814837,-0.38614124,-0.08815091,0.89874005,-1.0979866,-0.2367464,0.6312694,1.985512,-0.07231991
236696,0.6666666666666666,0.0110803324099723,-1.0176373,0.15724115,-1.280393,0.44030336,0.50140655,0.12470307,-0.22906218,-0.18851732,-0.45269537,-0.19568898,0.21094026,0.17375648,0.08365868,-0.27309012,0.62069,0.73148113,0.008760195
237009,0.75,0.0138408304498269,-1.7930305,-1.2048434,-0.38060075,1.1913944,-0.21933149,0.10224605,0.3411902,1.0287492,-0.5684853,1.1997056,-0.11073493,0.49426207,0.4559975,-0.19842423,1.1524704,0.4317826,-0.14486061
237363,0.4,0.0062434963579604,0.22978188,-0.17647944,0.23948169,-0.52303827,0.20380966,0.09331253,0.5648773,-0.45134637,-0.3992024,-0.30855182,0.8697917,-0.31002685,-0.108903214,0.15234293,0.4679085,0.3330155,0.21403933
238023,0.1666666666666666,0.0,0.32117054,-0.32872778,-0.83232844,-0.8050061,-0.20993671,0.14092624,0.08009044,0.3870383,-0.41976148,-0.016488664,0.24547657,-0.19481634,-0.5153035,-0.44552413,0.4296342,1.3344591,-0.05290149
238039,0.3,0.0,0.33982277,-0.14452076,-0.47587764,-0.40483963,0.19676325,0.5354523,0.16261455,-0.015791962,-0.33878615,-0.21695332,0.36112723,0.5813394,0.746693,-0.09797683,0.10735435,0.22881241,-0.2760123
238063,0.3333333333333333,0.0,-0.2719489,0.3367942,-0.07719983,-1.149765,-0.19788192,0.15978943,0.16080083,-0.9496034,-0.58986753,0.0781291,1.256035,-0.3413739,0.18316242,-0.17029801,0.49794745,-0.46911702,0.16813567
238683,0.1666666666666666,0.0,-1.0387257,0.5283342,0.14191836,-0.60836536,0.63828313,0.23216157,-0.22545443,0.5700669,-0.35839856,0.27890274,0.32182536,0.4203,-0.021920351,0.32305595,-0.1906632,0.8538155,-0.21628039
239235,0.1666666666666666,0.0011337868480725,-1.3016608,-0.020954259,-0.6075608,-0.42529324,0.0029657984,-0.44190022,-0.07149754,-0.08352881,-0.98939216,0.37825263,0.19200501,0.5850161,-0.19161582,0.1938712,0.24067408,0.79309756,0.041171577
241164,0.0714285714285714,0.0,0.17258996,0.28088763,-0.30459467,0.0651207,-0.057589944,0.31608197,-0.6394637,0.45581964,-0.74020094,0.43505245,0.22802325,0.06281268,-0.025662847,-0.8054888,0.054855555,1.4342895,-0.856549
241178,0.0666666666666666,0.0,-0.755703,-0.54655415,-0.3008113,0.4711379,-0.50112057,0.81676704,0.17251444,0.10391215,-0.56523794,0.4330409,-0.6151354,0.028186304,-0.5959194,-0.9889886,-0.18400998,0.31985083,-0.25461227
243981,0.1904761904761904,0.0,-0.5124358,0.13786496,-0.7145732,-0.1466514,0.03621212,0.83297056,0.051075306,-0.07132376,-0.93767196,-0.23747718,0.63604414,-0.21164484,0.7615278,-0.24576133,0.77600074,0.15980364,-0.19373402
246216,0.1538461538461538,0.0,-0.41774562,0.3465814,0.076906,-0.7491687,0.5878145,0.2125532,-0.17093752,0.16581774,-0.95520824,0.36926082,0.12834445,0.14841606,-0.025203472,-1.3176713,0.29999888,0.7394312,0.4398908
247764,0.2857142857142857,0.0,0.1622912,0.704288,-0.6080396,-0.36580676,0.24493378,-0.15632841,0.10352276,-0.27599964,-0.39933452,-0.054429453,-0.35372424,0.018607946,-0.29344752,-0.23005636,0.34786364,1.0731386,-0.36871326
248400,0.1666666666666666,0.0,0.6132592,-0.14326423,-0.42931575,0.35499436,-0.050325476,-0.022321817,0.16379844,-0.107933156,-0.7257552,1.0675532,0.20297322,-0.257011,0.34985366,-0.9826522,-0.24493821,0.567679,-0.067841806
251839,0.375,0.0024691358024691,-0.34956947,-0.62229747,-0.7738337,0.35963902,0.3422057,0.83165795,0.019081237,-0.85475826,-0.24314845,-0.23264593,0.16914007,-0.19305599,0.0034200381,-0.6755248,0.62009627,-0.036304247,0.12545386
25271,0.1764705882352941,0.0,-0.23090215,-1.0300604,-0.07788926,-0.4291918,0.13937588,0.47236687,0.48667422,0.70147824,-0.20240414,0.2860491,0.061447863,-0.33575052,0.19877669,0.29668996,0.60084826,0.67984945,0.18890569
257277,0.1764705882352941,0.0,0.014710571,-0.19769658,0.09526684,-0.41953197,-0.13746017,0.03365184,-0.55224174,-0.19009809,-0.09416168,-0.22707665,0.17975572,0.18550298,0.18724015,0.4875948,-0.044419605,1.1101431,-0.26795542
257531,0.375,0.0,-0.17641006,-0.06670897,-0.70973855,-0.68011767,0.4603473,0.10551183,-0.3733392,-0.10604484,-1.1415155,-0.7705743,0.7186196,0.27432078,-0.7036363,-0.23590207,0.01945688,0.4965863,0.48923054
261326,0.25,0.0104058272632674,0.00910527,-0.05298201,0.7738148,-0.103848755,0.96193635,0.9648206,0.109914616,0.07491004,-0.459454,-1.1734426,0.89131075,-0.55065143,-0.19202267,-1.9862747,0.3514811,1.435409,0.51719695
261900,0.1481481481481481,0.0003429355281207,0.024806488,-0.16417666,0.0012895148,-0.19571099,-0.13294888,0.592495,0.47312173,-0.1447844,-0.3685886,0.35580292,0.35269138,0.1469716,-0.27469975,-0.22668853,0.51133686,0.53042763,0.3975881
261902,0.0952380952380952,0.0,-0.11524622,0.018212229,-0.20099613,-0.55705535,-0.08040598,0.6554186,-0.13638876,-0.10297442,-0.026886765,0.008007212,-0.18251882,-0.17622915,-0.28065836,-0.39151376,0.22873245,0.6639288,-0.041909404
262226,0.5,0.0020811654526534,0.43007416,-0.29233128,0.25232315,0.6205327,-0.40404412,0.7800029,0.17622964,0.7691958,-0.9257509,0.66641206,-0.523182,-0.62915117,0.061164312,-1.5523037,0.74629164,-0.41794008,-0.5784626
265302,0.1818181818181818,0.0004805843906189,-0.20615488,-0.096480966,0.036894746,-0.043328416,-0.123120554,0.24996792,-0.21683553,-0.049698275,-0.55954665,0.22454062,0.048637785,-0.062266674,-0.3570808,-0.59282714,0.721091,0.9738319,-0.111809045
265811,0.1,0.0,-0.05192331,-0.81529486,-0.6100433,0.22093275,-0.0011464786,-0.07603506,0.21309802,0.14845535,-0.036236163,0.19980419,0.58410007,0.51956433,-0.31402916,-0.36451113,0.33840913,0.06450616,0.27900898
266396,0.0869565217391304,0.0004938271604938,0.21767922,-0.8613464,0.15741742,-0.42393947,-0.024897609,0.42042857,-0.031204699,-0.041548256,-0.23970161,-0.04553626,0.2852764,-0.19954835,-0.53059393,-0.28111404,0.8342339,0.33983165,-0.10440486
266852,0.15,0.0,-0.29430363,-0.12132283,0.30152902,-0.26829445,0.33245617,0.23089471,-0.53071576,-0.15388432,-0.71997833,-0.22732571,1.0988077,-0.02539261,-0.029996304,0.3131041,-0.18177857,0.15518436,0.26802623
266938,0.1034482758620689,0.0008453085376162,0.22716422,-0.9038747,-0.7721128,-0.044421196,-0.31545058,0.033397805,0.096514076,-0.27393633,-0.09209555,-0.05864199,0.45647472,-0.1935908,0.45433566,-0.114633694,0.70518655,0.44428748,0.1311444
267252,0.15,0.0027041644131963,-0.9767545,-0.345488,0.050314788,-0.64186925,-0.36482638,0.40373504,-0.51977766,-0.51723045,-0.50910985,-0.2161814,-0.18255214,0.8557931,-0.14494713,-0.77870154,0.7884857,1.9898987,-0.48998734
270665,0.0789473684210526,0.0005049867440979,0.09882817,-0.6893348,0.26624754,-0.5045798,-0.4080109,0.8614703,0.11003378,-0.099356264,-0.45406756,0.1344736,-0.011201904,0.16809162,0.040169522,0.028021535,0.5466958,0.3223548,-0.22975068
270993,0.2222222222222222,0.0,0.60093397,-0.7053934,-0.25299793,0.16490692,-0.19423239,-0.052532073,0.47693172,-0.52223074,-0.975955,-0.041871045,0.783962,0.02371681,-0.62627673,-0.28831217,-0.38842046,0.1643557,0.43259507
271594,0.1428571428571428,0.0017146776406035,-0.5915223,-0.6684503,0.049751423,-0.25355786,-0.28965297,0.60012287,0.29611942,0.06613747,-0.35694814,-0.03238085,0.8874485,-0.67007244,0.46349806,-0.059697494,0.8228764,0.27905223,0.054471426
273032,0.15,0.000204081632653,-0.46431312,-0.688931,0.6337483,-0.006476865,0.018822523,0.21491188,0.1709243,-0.19086859,-0.8901736,-0.28728268,1.4008701,-0.73538727,-0.31420115,-0.31452566,0.3257061,0.15012333,0.0123197595
273250,0.1428571428571428,0.0007100591715976,0.4938832,0.1504562,0.085805215,-0.37700212,-0.10794838,0.23849812,0.23985812,-0.31132,-0.5139329,-0.15271218,0.67488444,0.23873897,0.27402008,0.4386666,0.48017183,0.20372884,-0.42224106
273314,0.2727272727272727,0.0113378684807256,-0.38904583,-0.5204182,-0.61577153,-0.25592715,0.30062297,0.3419527,-0.42431605,-0.74456006,-1.0347195,0.18947776,0.38571525,0.96081495,-0.099064864,-0.68886745,0.39379212,-0.030836128,0.43722117
274917,0.1428571428571428,0.0,-0.24122019,-1.2999227,-0.67096364,-1.1768144,-0.5920884,0.2885506,-0.52215964,0.2868648,-0.764915,-0.4279699,-0.2428258,-0.12224966,0.7328877,-0.15485866,0.9122968,-0.15255791,0.064410746
275603,0.2,0.0,-0.41638672,0.53263843,-0.30626738,-0.99331445,-0.033460002,0.4562704,-0.80998456,0.55252326,-0.3465204,0.55170226,0.44640338,0.3110197,0.703838,0.615067,0.6142171,0.29646656,0.06769575
280584,0.4,0.0016326530612244,-0.42139235,-0.8281724,0.1999,0.9910599,-1.1572881,0.0030006065,0.2966712,0.21154815,-0.3207607,-0.472522,1.0168906,-1.0340793,-0.15046443,0.022418452,0.2120635,0.94710267,-0.37588117
282586,0.1875,0.0,0.92652535,-0.83035225,-0.22613922,0.593009,-0.17442271,0.3427775,-0.3826141,0.23425342,-0.6455325,-0.4022515,-0.06784483,-0.4792723,-0.5767486,-0.38958356,-0.45570204,1.10356,0.09897609
29751,0.4285714285714285,0.0061728395061728,-0.06982786,-0.9062417,-0.36860624,0.087402366,-0.18393344,1.0170399,-0.0027194007,-0.44826177,-0.92211217,-0.3059002,0.05923289,0.69940543,-0.027746398,-0.24645483,0.034101836,-0.4187837,0.025691707
29920,0.1428571428571428,0.0,-0.9717324,-0.86755794,0.05430931,-0.45812634,0.41867656,0.5944521,-0.3580761,0.23849459,-0.8946543,-0.33428815,-0.046849243,-1.0208329,-0.56842786,-0.9029595,0.11008713,0.69768816,0.48504326
302220,0.1538461538461538,0.002,-0.6173538,0.06905113,-0.365664,-0.4358972,-0.01504908,0.72993,0.37025076,-0.016392434,-1.0674211,0.47975513,0.03246857,-0.028570186,-0.1765935,0.15729009,1.8286021,0.4426254,0.1028356
30762,0.1481481481481481,0.0,0.12958999,-0.24354137,-0.04577105,-0.24006346,-0.42442116,0.35039964,-0.017267287,-0.079436496,-0.87953097,-0.45038685,0.26254243,0.14902543,0.19001468,0.09226237,0.7635918,0.12316677,-0.07067557
30763,0.1052631578947368,0.0,-1.2714758,-1.0741544,-0.32463202,0.071579434,-0.6986389,0.64638233,0.17690325,-0.82763547,-0.49119604,-0.051941108,0.6799431,-0.106796816,-0.222181,-0.603805,0.027575204,0.01906141,-0.15555872
30858,0.1875,0.0007304601899196,-0.44513446,-1.3656204,-0.44386008,-0.07675402,-0.36254784,0.072792344,-0.268871,0.18428664,-1.1318107,-0.9344098,0.5050175,0.1441314,-0.4286892,0.05187301,1.7576789,-0.31922564,0.7108596
31197,0.6666666666666666,0.0,0.3594014,-0.09697246,-0.36289337,-0.25484324,-1.0894303,0.5648269,0.38713163,-0.31736103,-0.72708356,-0.2303451,-1.0575566,0.1514762,0.14363237,-0.43185708,0.013076342,1.2076468,-0.32348958
31392,0.2857142857142857,0.0,-1.2958881,-0.09097239,-0.89286387,0.21034302,1.0457208,0.6745504,-0.009416371,0.16614747,-0.74183446,1.1189656,0.13651603,-0.4960977,1.0276664,-0.5829746,0.119934894,0.41731864,0.12533303
33436,0.25,0.0,-0.35232696,-0.8792289,-0.3875931,-1.0790446,0.6162737,-1.5348737,-1.6676686,-0.2973169,-1.1017905,0.09339165,-0.06360058,-0.1883649,-0.94605416,0.027581964,0.57954156,1.5447505,0.49108237
33439,0.2222222222222222,0.0,0.010802303,0.66360456,1.4177629,-1.1962347,0.48096034,0.6652668,-0.17963764,0.33557552,-1.2834005,1.3508555,0.51882946,0.8933822,0.38658896,0.27239755,0.2391097,1.0687447,-0.55584806
341983,0.2,0.0017846519928613,-0.4591369,-0.62424725,-0.4239838,-0.6724291,-0.5767483,-0.048883144,-0.5034181,-0.3486919,-0.5566266,-0.9650583,0.71490777,-0.43169188,0.107581444,0.4617426,1.3678333,0.70450735,-0.30919778
367576,0.1,0.0002100399075824,-0.17277056,-0.69510436,-0.27298513,-0.09790267,-0.11849966,0.10599236,0.40605748,0.5396778,-0.55595815,0.1799732,0.52449304,-0.39563674,0.08556614,-0.39564493,0.65461075,0.9152259,-0.052656453
370050,0.2222222222222222,0.01171875,-1.1568794,0.67522573,0.25196335,-0.26826453,-0.5348825,-0.05675405,0.048485275,-0.034795515,-0.5223645,-0.17017555,0.30084994,0.6967271,-1.135066,-0.39555255,0.076657005,0.16710459,-0.7414072
37117,0.2666666666666666,0.001067995728017,-1.0314933,-0.65717715,0.32898152,-0.34038273,-0.82336104,0.1781264,1.020242,0.62994313,-0.08524966,-0.20927243,0.1890947,-0.80248713,-1.0301124,-0.5014706,1.1977369,1.2056615,-0.4662641
38019,0.125,0.0,-0.6384795,-0.65526426,-0.38933146,-0.085393205,0.8279411,0.50638515,-0.4834208,-0.31472942,-0.68460935,0.23774305,0.2122041,0.15894154,0.31225786,-0.14369111,0.71562797,1.1538693,-0.55724585
38154,0.2222222222222222,0.007396449704142,-0.97750807,-1.7777343,1.2157043,-0.20579429,0.049809333,-0.10302489,-0.9118924,0.90865517,-0.68240416,-0.2036203,0.47504574,0.28925067,-0.6310794,0.08584825,0.26265216,0.26547256,0.8010277
40260,0.081081081081081,0.0,-0.22973073,-0.17255142,-0.27216905,-0.18421137,0.02853376,0.16434573,0.12288057,-0.23056017,0.076460056,0.5219129,0.37251598,0.07840396,-0.21839991,-0.06344693,0.29364944,0.62980884,-0.06700567
41026,0.2,0.0,-0.8168196,-0.59901077,0.053937543,-0.6371256,0.525813,1.156018,-0.17054231,0.5219266,-0.23494728,-1.0615685,1.1129577,-0.113237344,0.07163303,-0.7800491,0.52289534,0.5948493,0.38521123
42946,0.2142857142857142,0.0,-0.40310195,0.36169162,-0.29687732,-0.83273077,-0.07913873,0.6243648,-0.9341087,-1.2347394,-0.20483534,0.27636918,0.64588505,-0.2856173,-0.25845346,-0.84027636,-0.85958797,0.16959044,0.5082918
43371,0.3333333333333333,0.0,-0.68651015,0.50318635,-0.62782735,-0.61477345,-0.51031816,1.0203795,0.88223845,-0.11838318,-1.3739209,0.43594357,0.21554512,0.274198,-0.3602604,-1.1570853,0.9724319,1.4055564,0.40751788
43469,0.2727272727272727,0.0039682539682539,0.46061546,-0.8214278,-0.76899505,-0.118139155,-0.071772434,-0.31967238,-0.23025195,-0.058646433,-0.47357848,0.20000663,0.38305616,-0.59444505,-0.0050917035,-0.30940157,0.6683152,-0.23305863,0.5346157
46663,0.1875,0.0013850415512465,0.111831926,-0.41840318,0.25977123,0.13331318,0.28432885,-0.0701453,-0.54219383,0.40993607,-0.79138654,-0.47087222,0.09845949,1.2808585,0.43165907,-0.57691,-0.7176334,-0.32267714,-0.4074104
47472,0.2142857142857142,0.0041641879833432,0.78975224,-0.4483852,-0.053605285,-0.6416661,0.61014813,0.4125371,0.7114294,-0.15525834,-1.4418495,-0.06535298,-0.073106065,0.59099406,-0.0042484887,-0.329803,0.74076056,1.6188724,0.07166748
47797,0.4285714285714285,0.0,-1.6701145,0.10552238,-0.41756508,-0.073940285,-0.93683964,0.23682371,-0.11592322,-1.1881205,-1.4576839,0.51159257,-0.09374678,0.77416486,0.25945935,-0.036113128,0.4827638,1.3195586,0.35525572
49029,0.2105263157894736,0.0,-0.3656107,-0.787962,-0.66365933,-0.46444583,-0.085657,-0.20699744,0.011102298,0.004931452,-0.2792612,0.266897,-0.14159563,-0.16008817,-0.43775934,-0.6033946,0.7667418,0.57415295,-0.19068876
49264,0.2727272727272727,0.0,-0.75588894,-0.23747626,0.4291168,-0.20394096,0.88738024,0.5972416,-0.41999587,0.050551895,-0.6457906,0.7040247,-0.3488574,0.28085187,0.50573885,-0.95523375,1.0845096,1.0569803,0.52579683
50103,0.2727272727272727,0.0036523009495982,-0.22476044,-0.77932465,-1.0621903,0.010249228,-0.45839322,0.16763811,0.33929846,-0.31485304,-0.77010185,0.42369446,0.40902466,-0.22180964,0.4094087,-0.5490411,0.34080076,1.2990428,-0.14178213
50307,0.1538461538461538,0.0008650519031141,-0.7176723,-0.059970867,-0.8201123,0.18509233,-0.093310274,0.41475502,-0.159735,-0.044103444,-1.1399466,-0.39225677,0.47413856,0.36687726,-0.6174561,-0.5330418,0.5348813,0.3486405,0.76878905
53766,0.1875,0.0003395201448619,-0.29256997,-0.5745006,-0.14323309,-0.033357043,-0.11566887,0.48604065,-0.08299625,0.07082896,-0.12852249,0.09106784,-0.1139445,-0.28729492,-0.199013,-0.46186906,-0.23399241,0.6309031,0.18837917
57231,0.5,0.0,-1.0368488,-0.46557498,-0.17819345,-0.5532311,0.45339152,-0.6068994,-0.30568328,-0.078274034,-1.3503485,0.32944497,0.28401116,-0.84224033,0.58671826,-0.12747447,0.77464044,1.1526316,-0.30110705
57294,0.2142857142857142,0.0023148148148148,-0.7066577,0.28462088,0.576397,-0.758988,0.05998087,-0.07197779,-0.9213828,-0.115061775,-0.97854483,-0.7624403,0.32725546,0.64784384,0.3968769,0.1538641,0.1726393,1.1035753,0.6650142
57295,0.1666666666666666,0.0,0.13419399,-0.51502615,0.08110484,-1.3458884,0.8071899,1.248694,0.07658747,0.23503987,-0.7382688,0.09632805,-0.7337021,1.3029382,0.021586118,-0.99792427,-0.038594615,0.7821919,0.65709126
57598,0.2222222222222222,0.0,-0.54902667,-0.5078365,-0.591592,-0.002788358,-0.6530472,-0.059614837,-0.08557938,0.20318057,-0.49632716,-0.59732926,1.2417629,-0.5259012,-0.15066266,-0.7892367,0.29563993,1.3128456,-0.31654587
60037,0.125,0.0017799928800284,-0.029930037,-0.54850054,-0.6562268,-0.18196341,0.35203904,0.6179154,-0.041193187,0.008739002,-0.5552555,0.45555443,0.016353076,0.8402547,0.28009927,0.60910624,0.6262526,0.6090115,-0.23218973
60405,0.2307692307692307,0.009861932938856,-1.1381056,0.16485327,-0.88063836,0.10652861,-0.8246684,-0.001149136,-1.0417075,0.40280226,-0.9842065,0.30669665,0.8224994,0.15480167,-0.007890893,-1.1737013,-0.48116717,0.16643247,-0.65183234
61557,0.2727272727272727,0.0,-0.7078295,-0.97330767,-0.08604349,-0.9091633,0.41415897,0.46692997,-0.2732553,-0.09604564,-0.8981951,1.7160344,-0.23710914,0.38314745,-0.16552265,-0.035931192,0.72465086,0.56994814,0.04027545
63951,0.125,0.0,-0.3314649,-0.39645848,-0.35105237,-0.34747413,0.014645794,-0.17821032,-0.8795107,0.30059573,0.32584074,-0.4920004,0.6038212,-0.055710983,-0.24544853,0.24083537,0.2715189,1.1144991,-0.6097026
65068,0.05,0.0009613843935266,0.06524137,-0.32002237,-0.19570173,-0.41950276,-0.3437316,0.67670393,0.31641117,-0.030576427,-0.47490835,-0.36701024,0.7120248,-0.21070534,-0.7534416,-0.49511924,0.3401137,0.8926968,-0.41290313
66623,0.1875,0.0,0.19902587,-0.082244575,0.28473663,-0.18322082,-0.27495587,-0.4073186,-0.22300121,0.04962768,-0.71667975,0.08897599,0.16887197,-0.47209033,-0.026197413,-0.27813053,0.33999377,0.76253015,0.5021805
68828,0.2857142857142857,0.0,-0.70010763,-1.5569757,-0.4780208,-2.1196923,0.5438506,0.03815105,-0.58230144,0.02912188,-1.3883963,0.22345439,-0.18369053,0.28153276,0.78408104,-0.81656796,0.37301096,-1.0147134,0.38469163
69870,0.2307692307692307,0.0,-0.09569352,-0.070433915,0.25419363,-1.4524089,1.2912436,0.8420735,0.18805145,0.3136376,-1.6916987,-0.44605088,1.1334811,-0.24255894,-0.19551942,-0.1312546,-0.54417497,0.82014513,0.74901503
71459,0.2,0.0,-0.16853637,0.25435323,-0.42653006,-0.6811674,0.22379123,1.4763727,0.17582746,-0.39259347,-0.68770343,-0.8908073,0.0029905592,-0.10097866,-0.29091543,-1.3454286,1.2982174,0.81201696,0.44941497
7156,0.2222222222222222,0.0,0.2719872,-0.51931876,-0.47921544,-0.106676325,0.50306237,0.065765366,-0.3383015,0.48431852,-0.6695993,0.70709926,-0.14919004,1.132189,-0.28586534,-0.1991002,0.43813092,1.1719143,0.008131148
71987,0.2857142857142857,0.0,-0.5052385,0.49160656,0.51384145,-0.36141765,0.13979608,0.17082712,-1.4002774,0.0063424665,-0.5524564,1.2043958,0.14788191,1.2947758,0.059829302,-0.32178864,-0.08562248,0.82920486,-0.1156707
74184,0.3333333333333333,0.0,-0.4446236,-0.21193911,-0.026385836,-0.76796603,0.36883387,0.5315982,-0.45478612,-0.26573235,-0.39883387,0.173959,0.5966418,0.69960576,-0.34760073,-0.3863045,-0.2188058,0.5461093,0.52549493
74870,0.25,0.0,-0.011929977,0.20092086,0.40656015,-0.2639099,-0.37952492,0.7172585,-0.799505,-0.1399452,-0.5404354,-0.39710596,0.1047246,0.7463563,0.24086542,-0.5592013,-0.22739631,0.3204169,1.4117237
75441,0.5,0.0082644628099173,-1.260352,-0.15029924,-0.07573865,-0.41808328,0.3507499,-0.37854868,-0.09298564,1.0706136,-0.92093575,0.3324304,0.28730938,-1.1172513,-0.6148704,0.4900844,1.1345727,0.053585444,1.4679421
81371,0.2857142857142857,0.0,0.22789285,-0.80355364,-0.21291587,-0.66447765,-0.6743982,0.7172002,0.61344326,0.21054305,-0.31869906,-0.69963664,-0.10751927,0.117193155,-0.15651533,0.06982703,0.4932952,0.6811288,0.01862824
81563,0.0909090909090909,0.0,-0.41125593,-0.16643721,-0.11029259,-0.14021036,-0.49522844,0.09151436,-0.17369704,0.33984068,-0.94932956,0.503008,-0.04334297,-0.59672946,-0.09289462,0.22716214,-0.050027285,0.5341674,-0.20909853
81615,0.2,0.0,-0.11759432,0.4357976,0.5385998,-0.25425148,0.1651639,0.48260224,-1.4556681,-0.029921418,-0.46263933,-0.1545385,1.3243871,-0.1560647,-0.45835388,-0.37416458,-0.4244521,1.000214,0.018317757
8404,0.1666666666666666,0.0011337868480725,-0.71043307,0.31488365,-0.55673456,-0.17073461,0.33864975,-0.14346887,-0.35502812,-0.6039346,-0.72955996,-0.44792902,0.432882,-0.32640445,-0.059622545,-0.08792671,1.3018819,1.613554,-0.2668867
84133,0.2142857142857142,0.0025826446280991,-0.25392604,-0.28489348,-0.43518168,-0.8902696,-0.5594072,-0.30612355,0.25755098,0.29539233,-1.1994227,-0.20306936,0.5684024,-0.17288332,0.33926982,0.51049316,-0.034966446,0.91374344,0.08415999
84176,0.1666666666666666,0.0,0.54467106,-0.27140042,-0.49726805,0.21757628,0.21407984,-0.48422888,-0.42641127,0.7340429,-0.3786812,-0.124707885,1.131341,0.089706495,-0.1125565,0.22715521,0.75922245,1.2566576,0.12826659
84670,0.1666666666666666,0.0,-0.20359851,0.050738763,0.32273418,-0.3911867,-0.35310325,-0.26712304,-0.11460164,-0.95798147,-1.3037165,-0.28557995,1.3811662,1.4576769,-0.19528067,-1.1188627,-0.19406326,0.989244,-0.11157926
84772,0.1538461538461538,0.001953125,-0.6480554,-0.9468801,0.050233632,-0.12771434,0.16041966,-0.17280401,0.608612,0.67170835,-0.6015517,-0.34267214,1.0372255,-1.3269868,-0.33959928,-0.7250399,0.31904516,0.84563094,-0.31057233
84924,0.1666666666666666,0.0,0.08856155,0.10291767,-0.7596182,-0.42663962,-0.585468,-0.04524318,-0.11067389,0.3054199,-1.2588544,-0.27176026,-0.084255844,-0.6794479,0.050425474,0.89856887,0.20724298,1.2388437,0.55691004
86494,0.1818181818181818,0.0,-0.7184693,0.51796216,-1.3383639,0.0028326393,1.1467518,0.28830498,0.8481328,-1.1644396,-1.3975973,0.35702348,0.55796903,-0.16289969,-0.02105846,-0.62031573,0.07727951,-0.096903205,-0.7401307
89787,0.1666666666666666,0.0006611570247933,0.19890666,0.0431592,-0.83003616,-1.4091341,-0.14717846,0.040546067,-0.107436135,-0.8228168,-0.7819021,0.16429989,0.5066366,-0.39132637,0.112924315,-0.24742313,1.0785569,0.7800276,-0.3368842
90008,0.2352941176470588,0.0,-0.6251201,0.3168781,-0.16720612,0.009601501,-0.12132844,0.9616501,-0.45715025,-0.8017555,-0.65859413,-0.1805723,0.93863004,-0.1251309,-1.1852527,-0.056995735,0.9203067,0.92973185,0.15668137
90986,0.25,0.0,0.45101386,-0.6488567,-0.2770251,0.8441837,-0.48130506,0.80544424,0.25883368,0.18123773,0.0330524,-0.6504694,0.339934,-0.23455763,0.21797247,-0.65926063,0.3612966,0.37928516,0.5946461
91292,0.2,0.0,-0.911402,-0.78221685,-0.2541879,-0.816442,0.66358954,-0.6918,-0.42873642,-0.15130739,-1.2314552,-0.34533262,0.31937516,-0.5587301,-0.08414562,-0.8084976,-1.0910708,0.8783894,0.60007066
92331,0.2222222222222222,0.0,0.17096502,0.63300866,0.24202693,-1.0727823,-0.60379416,-0.043852996,-0.4248872,-0.15295961,-0.2173317,0.039885454,-0.34693214,-0.22901247,-0.6444359,-0.81233305,0.6936526,0.69976044,-0.1841661
93807,0.1818181818181818,0.0027041644131963,-1.7962993,-1.2184042,-0.31663632,-0.8407855,-0.3040912,-0.12883939,-0.5321268,0.5613783,-0.5825631,0.036288638,0.06349669,-0.35315207,-0.53884774,-0.006418082,0.9850771,1.1368575,-0.18896078
93828,0.2,0.0,-1.3322935,-0.33632955,-0.26172596,0.6311981,0.0050255437,-0.09200532,0.25364473,-0.2624335,-1.0536394,-0.57416284,0.4724359,0.42377385,0.2311643,0.28814474,-0.04995106,0.21576637,0.08098833
94525,0.4285714285714285,0.0,-0.47232044,-0.25907075,-0.7048317,-1.1356409,0.25003272,-0.080410905,-0.06325846,-0.18352257,-0.9186181,-0.60079366,0.8439088,-0.1794293,-0.6118236,0.052115936,-0.8074908,-0.20458478,-0.12689453
95147,0.3,0.0,-0.8216733,0.1255435,-0.66869915,0.39230633,0.50784284,1.4136637,-0.61645895,-0.73883927,-1.5274328,0.9193311,0.60389763,0.5637548,0.35778153,-0.9505413,0.091540374,0.79127556,0.7095213
95205,0.2,0.0,-1.0537409,0.9325342,-1.5466961,-0.7183667,-0.79427314,-0.33097067,-0.10665676,-0.07323725,-0.6207644,1.1988547,0.44990745,0.78096145,0.036623936,-1.2469124,-0.12860619,-0.8851605,0.02197516
96337,0.1538461538461538,0.0104058272632674,-0.10251784,-0.8641629,-0.21406722,-0.6250621,-0.9567139,0.52690345,0.4469982,-0.9446448,-0.976507,-0.028575132,0.046520893,-0.701782,0.20148928,-0.7040098,1.3154219,0.86191434,0.07286612
96361,0.1538461538461538,0.0,0.37866822,-0.29211953,-0.6482013,-0.10648941,0.09626887,0.26000866,0.3554247,0.09846337,-0.59601927,0.1477805,0.16678977,0.02069443,0.73216546,-0.1785232,0.39995295,0.6227242,-0.524837
97095,0.125,0.0003060912151821,0.20191847,0.09624962,0.1634903,0.038549125,-0.04690651,0.15694943,-0.2224096,-0.08893337,0.11264498,-0.47252867,-0.29814324,-0.4611046,0.36962023,-0.7609506,0.2881415,0.08105705,-0.045481544
